name,rmp_id
katherine abriam-yago,676498
juana acrivos,
richard adams,
shashi agarwal,639818
craig alimo,
david anastasiu,2228516
david andersen,452875
david anderson,
mary anderson,
gale antokal,
yolanda anyon,2652004
john avila,
hee bae,243227
cecelia baldwin,81628
thomas balgooyen,71202
anu basu,247577
karen bawel Brinkley,851910
thomas beggs,763737
kassahun betre,2287096
sheila bienenfeld,
martin billik,
kathryn blackmerreyes,
jacky bloom,
erica boas,
carolus boekema,63503
ruxandra boul,
minan boyd,2314392
nakiye boyacigiller,
noelle brada-williams,535366
mary brannen,
stephen branz,76741
matthew breaux,
alison bridger,
david bruck,
luann budd,
cathy buell,
anji buckner,1511385
theodore butryn,109958
alice butzlaff,2323450
luis camilli,
akilah carter-francique,
jessica castillo-vardaro,2477661
bem cayco,87887
diana centeno,2275714
david chai,701560
emily chan,
helene chan,
prabha chandrasekar,
natalie chia,
sen chiao,
jang-hyung cho,1179981
soo choi,226229
richard chung,811197
edward cohen,
fred cohen,
jayne cohen,
barbara conry,
robert cooper,
marina corrales,
bonnie cox,169828
edith crowe,
james culley,327728
julia curry,519467
michael cymanski,2166657
marc dalarcao,1039571
amy dandrade,876159
arnold danzig,
nancy dasilva,62199
debra david,
Fatemeh Davoudi,2802633
denise dawkins,
jane day,
alessandro degiorgi,1045850
aharon degrassi,2561911
francisco delacalle,1412847
vincent delcasino,
steven delchiaro,521329
arthur diaz,
ella diaz,
marysandra diaz,
fabio ditroia,2116397
jane dodge,
william donnelly,
vladimir drobot,
robert durstenfeld,
andrew dynneson,
sepideh ebrahimi,2833524
keay edwards,790017
mohamed fayad,221852
bill fisher,
andrew fleck,62011
kenneth fowler,1214340
james freeman,62046
burford furman,79260
david furst,
haipeng gao,2938031
nisha garud,2389526
alejandro garcia,133623
dushan gasich,
suzanne gayrard,
ning ge,
shannon george,
lukas gerber,
b burt gerstman,434551
janet giddings,651054
robert gliner,
tamara goldie,1744457
aaron goldman,
jonathan d gomez,2493142
bobbye gorenberg,
mike gorman,1329038
george grant,
joe grzywacz,
gilbert guerin,
diane guerrazzi,1245943
christine hagie,346444
Yoonchung han,2558580
debra hansen,626929
deborah harden,
jill-marie harding,
victoria harrison,
ken haycock,
christopher hebert,345720
joanne farb hernandez ,1026977
barbara hill,
mike hill,2234283
judith hilliard,
stephen hinerman,186138
alice hines,
bianca hinojosa,
rhonda holberton,2152118
sandra hollingsworth,
louis holscher,628178
laureen hom,
andrew house,
francis howard,
yinghua michell huang,1821633
thom huebner,849828
vlad ionescu,2750057
kara IrelandDAmbrosio,1584575
bradley jackson,
arthur jago,
dennis jaehne,
leslie jankovich,220548
heeun jang,
anna jeong,
taehee jeong,2913573
stephen jerbic,
christian jochim,250996
jennifer k johnson,
jennifer p johnson,2326742
janet johnston,
laura jones hagata,1845703
kevin jordan,
kathryn kahn,
jeffery kallis,197007
katy kao,
kim karcher,
stewart karlinsky,
paul kauppila,
susan kendall,
ehsan khatami,
ketan khowala,
sami khuri,
sang hea kil,979505
chungsoon kim,
elliot kim,
yeonka kim,
bridget kowalczyk,
martin krovetz,
gautam kumar,
b kumaravadivelu,497650
jack kurzweil,
jean-pierre lacrampe,1707362
vee lawson,
Rachel Lazzeriaerts,1727474
beeleng lee,759840
nianlim lee,
peter a lee,939992
sang-joon lee,951796
virginia lehmkuhldakhwe,2260496
kathy lemon,
thomas lester,
alan leventhal,
hua li,
teri lind,
james lindahl,760245
lori lindberg,626930
jeanne h linsdell,221675
susana liu,
xiaojing liu,
kenneth louden,
matthew love,
peter lowenberg,
nancy lu,
xia lu,
lyle lustigman,
anne macrae,
nidhi mahendra,
elba maldonado,
mary male,
suzanne malloy,347226
brittany manrubia,
nancy markowitz,
harry martinez,
maribel martinez,
matthew masucci,322250
ludwig mayer,81711
cynthia mccarthy,
jacquelyn mcclure,1529080
lucy mcproud,
anamika megwalu,
ruchi mehta,
sigurd meldal,
juanpablo mercado,2647117
harry meserve,
david mesher,221907
ellen metzger,
susan meyers,
anastasia micheals,
cathleen miller,481010
robert b miller,
elisha miranda-ramirez,
valeria molteni,
nyle monday,
danelle moon,
thomas moriarty,
masoud mostafavi,
james murray,
bill nance,
vikrant nanda,
deborah marie nelson,948471
ho-kuen ng,225583
thixuantham nguyen,
tuan-loc nguyen,
blythe nobleman,
william obrien,212810
colleen oleary-kelley,1494865
rachel omalley,617555
tracey orourke,1004922
todd ormsbee,629263
karen papesh,
sharon parsons,
eileen pena,2262086
carol-lynn perez,791345
tina peterson,
yanira petrides Jimenez,2298038
christopher pham,
jessie pickett,
joseph m pogodzinski,1073204
john pollock,
jae ho pyeon,1198481
leon quach,
lisa rauch,
kristen Radsliff rebmann,1050334
jennifer redd,
bernice redfern,
benjamin reed,2426648
noni mendozareis,
judy reynolds,
pamela richardson,
shannon rose riley,1239389
susan ross,109461
joanne rossibecker,
josephine ruiz,
joseluis ruizduarte,
renee ryan,
katharine samway,
viviana sanchezchopitea,1904240
george sanderson,
ann sarrafzadeh,
jim schmidt,
kathleen schwartz,
david schwarz,
chafin seymour,
bill shaw,
douglas sherman,53740
Yoshimitsu shimazu,208733
lorene sisson,
james smiley,
timothy k smith,800390
marvin snowbarger,
ben soller,
marti southam,
matthew spangler,722880
marsha speck,
sanda spiegel,
karnamadakala sreeharsha,
pamela stacks,
patricia stroh,
jongwook sung,2220133
adam svec,
nick szydlowski,
wendy thompson taiwo,2497235
ching ching tan,2164296
katarzyna tarnowska,
nicholas taylor,1042723
dominique teaford,
babu thomas,
glenn thomas,1158826
richard tieszen,
anne marie todd,239270
jose r torres,
lou ann trost,1143493
lynne trulio,431853
peitzu tsai,
elizabeth tu,
nazli turken,
stanley underdal,26845
mark van selst,61964
kenneth vanbik,1088475
walter van hooff,1449089
youlonda vantrees,2667975
Ana Lidia Franzoni Velazquez,2114001
claudio vera sanchez,1221683
susan verducci Sandford,659140
randy virden,
megna virick,656254
beth von till,242885
john wagner,
ethel pitts walker,311582
ji c wang,340321
edward webber,1143350
g kent webb,231299
deborah weber,2673540
judy weedman,626907
carmel weiler,
deborah weissmann,2173770
kenneth wharton,305291
jobell whitlatch,
robin whitney,
dennis wilcox,
david wilde,2449642
michael j williams,2143038
christina wilson,
jennifer wolf,
hiu yung wong,2498167
yen wong,
mike ching-seh wu,2285136
ann wrixon,
diana wu,
xinhua xiao,
yan Wu,2595196
anusha yellamsetty,
leon yengoyan,
fai yeung,
sandra zampino,
diana zamudiogarcia,
steve zlotolow,
sandra zunigaruiz',